"cohort","org_region5","res_region5","cohortfer","wgtProp"
"1936-1940","Seoul","Seoul",2.66174275958012,0.00984794657210003
"1936-1940","Rest Capital","Seoul",2.8546658153836,0.00554508396032134
"1936-1940","Metros","Seoul",2.87658945293248,0.000649910342881864
"1936-1940","Provinces","Seoul",3.07093707559971,0.11033723652953
"1936-1940","Abroad","Seoul",2.76727943598867,0.00145100341821853
"1936-1940","Seoul","Rest Capital",2.58401424680494,0.000574286132616552
"1936-1940","Rest Capital","Rest Capital",3.2627995419972,0.0151886245243119
"1936-1940","Metros","Rest Capital",3.22143734643735,6.67052654352853e-05
"1936-1940","Provinces","Rest Capital",3.32747966959081,0.0247829273228321
"1936-1940","Abroad","Rest Capital",3.03928203619244,0.000293970723932195
"1936-1940","Seoul","Metros",2.79378316906747,4.46080568783915e-05
"1936-1940","Rest Capital","Metros",2.9021372328459,2.02364799931643e-05
"1936-1940","Metros","Metros",3.16618130577735,0.00653209867938117
"1936-1940","Provinces","Metros",3.393728692285,0.090511887471736
"1936-1940","Abroad","Metros",2.99799927246272,0.000761639581279603
"1936-1940","Seoul","Provinces",3.16093199674885,8.88200341708651e-05
"1936-1940","Rest Capital","Provinces",3.40568654646325,0.0001209818266228
"1936-1940","Metros","Provinces",3.36419111918982,0.000390717878025821
"1936-1940","Provinces","Provinces",4.02492517938892,0.732334417560877
"1936-1940","Abroad","Provinces",3.36968336483932,0.000456897638854502
"1941-1945","Seoul","Seoul",2.44268711558431,0.0222993073553217
"1941-1945","Rest Capital","Seoul",2.73525395958493,0.00756977391629679
"1941-1945","Metros","Seoul",2.71328976034858,0.000757025770909156
"1941-1945","Provinces","Seoul",2.80193836144741,0.126557270364818
"1941-1945","Abroad","Seoul",2.35590045491035,0.0019996842152485
"1941-1945","Seoul","Rest Capital",2.42767527675277,0.00103297091877529
"1941-1945","Rest Capital","Rest Capital",2.91381796590042,0.0198756007460378
"1941-1945","Metros","Rest Capital",2.28545454545455,4.43476728540343e-05
"1941-1945","Provinces","Rest Capital",3.04703203517589,0.023152622552778
"1941-1945","Abroad","Rest Capital",2.77845683728036,0.000249475817837058
"1941-1945","Seoul","Metros",2.3921875,6.09872129166224e-05
"1941-1945","Rest Capital","Metros",2.78876781223806,0.000209878110604415
"1941-1945","Metros","Metros",2.71329479768786,0.00878809611702036
"1941-1945","Provinces","Metros",3.04427063558356,0.100392575862375
"1941-1945","Abroad","Metros",2.76625310173697,0.000590813625129779
"1941-1945","Seoul","Provinces",3.31965442764579,0.000128967430775848
"1941-1945","Rest Capital","Provinces",3.76823529411765,0.000411223875555591
"1941-1945","Metros","Provinces",2.90791300323924,0.000696984153000496
"1941-1945","Provinces","Provinces",3.67513953728112,0.684893203473574
"1941-1945","Abroad","Provinces",2.89779985805536,0.000289190808171465
"1946-1950","Seoul","Seoul",1.88752216560795,0.0107522022192077
"1946-1950","Rest Capital","Seoul",2.08116551900025,0.00535054124936154
"1946-1950","Metros","Seoul",1.99747679553032,0.00266287655775795
"1946-1950","Provinces","Seoul",2.17855802510322,0.153052949597528
"1946-1950","Abroad","Seoul",1.28419010669253,5.70051882467604e-06
"1946-1950","Seoul","Rest Capital",1.94594594594594,0.00283544138086359
"1946-1950","Rest Capital","Rest Capital",2.19414889424821,0.0220285231878699
"1946-1950","Metros","Rest Capital",2.04458688455307,0.00110288092516262
"1946-1950","Provinces","Rest Capital",2.23815883615552,0.0861386075335611
"1946-1950","Abroad","Rest Capital",1.80613362541073,4.54327479945325e-06
"1946-1950","Seoul","Metros",1.94496990541702,0.000118318663853547
"1946-1950","Rest Capital","Metros",2.04345783415551,0.000100034152963865
"1946-1950","Metros","Metros",2.19693589381532,0.0274491979590357
"1946-1950","Provinces","Metros",2.36202804259954,0.172164681794025
"1946-1950","Abroad","Metros",0.8,3.45569763862514e-07
"1946-1950","Seoul","Provinces",2.14934379242721,0.000256567580040196
"1946-1950","Rest Capital","Provinces",2.24081586657652,0.00044404166503791
"1946-1950","Metros","Provinces",2.34126776070885,0.0020247712070092
"1946-1950","Provinces","Provinces",2.67340091945461,0.513507313835042
"1946-1950","Abroad","Provinces",2.83453237410072,4.61128292898139e-07
"1951-1955","Seoul","Seoul",1.83352534562212,0.015929923363602
"1951-1955","Rest Capital","Seoul",1.90164275317114,0.00489165887640754
"1951-1955","Metros","Seoul",2.00188706633764,0.00250264667435847
"1951-1955","Provinces","Seoul",2.03512795311419,0.159379629190975
"1951-1955","Abroad","Seoul",1.48726114649682,5.0697960081196e-06
"1951-1955","Seoul","Rest Capital",1.84274809160305,0.00583769249903097
"1951-1955","Rest Capital","Rest Capital",1.95180091683039,0.0280447310469854
"1951-1955","Metros","Rest Capital",1.84668508287293,0.000993615434202803
"1951-1955","Provinces","Rest Capital",2.08994351808097,0.105114526732188
"1951-1955","Abroad","Rest Capital",0,5.38194905320552e-07
"1951-1955","Seoul","Metros",1.97305242528173,0.000219691160351849
"1951-1955","Rest Capital","Metros",1.96822177146721,0.000115418588420519
"1951-1955","Metros","Metros",2.04445668423951,0.0344047928301461
"1951-1955","Provinces","Metros",2.14371953043877,0.172316588793676
"1951-1955","Seoul","Provinces",1.88701246481705,0.000341315136030714
"1951-1955","Rest Capital","Provinces",1.89057851239669,0.000520972668350295
"1951-1955","Metros","Provinces",1.95644257703081,0.00278596592739184
"1951-1955","Provinces","Provinces",2.44754342001065,0.466594695655961
"1951-1955","Abroad","Provinces",0.530612244897959,5.27431007214141e-07
"1956-1960","Seoul","Seoul",1.70729804758297,0.0195743008621597
"1956-1960","Rest Capital","Seoul",1.80776467074809,0.00289366285330448
"1956-1960","Metros","Seoul",1.82749201113288,0.000967826174871837
"1956-1960","Provinces","Seoul",1.8884404711845,0.0863502581307613
"1956-1960","Abroad","Seoul",1.18754357425052,4.77662280217093e-05
"1956-1960","Seoul","Rest Capital",1.76926873660019,0.0105402760969254
"1956-1960","Rest Capital","Rest Capital",1.84676099289191,0.0462659009405104
"1956-1960","Metros","Rest Capital",1.85409384992935,0.00180636623729332
"1956-1960","Provinces","Rest Capital",1.90271745487154,0.164309449231741
"1956-1960","Abroad","Rest Capital",1.24917533620908,3.87638571980953e-05
"1956-1960","Seoul","Metros",1.79444310801058,0.000186918597162411
"1956-1960","Rest Capital","Metros",1.83781658014787,0.000107190418766068
"1956-1960","Metros","Metros",1.8667768038302,0.0416304418383677
"1956-1960","Provinces","Metros",1.94967338981646,0.124982251329271
"1956-1960","Abroad","Metros",1.14887831407206,5.99422693374977e-06
"1956-1960","Seoul","Provinces",1.85664429530201,0.000713942371543853
"1956-1960","Rest Capital","Provinces",1.98496152264584,0.000980714205401466
"1956-1960","Metros","Provinces",1.83697959665054,0.00351709013585816
"1956-1960","Provinces","Provinces",2.02647272468661,0.495042608307382
"1956-1960","Abroad","Provinces",1.65063213074314,3.82779565267972e-05
"1961-1965","Seoul","Seoul",1.57880882895545,0.0291634029728781
"1961-1965","Rest Capital","Seoul",1.74075444291878,0.00189702147431554
"1961-1965","Metros","Seoul",1.62392118092521,0.00128761456312481
"1961-1965","Provinces","Seoul",1.79644216306504,0.0603582331023704
"1961-1965","Abroad","Seoul",1.05618683713938,6.85738774756671e-05
"1961-1965","Seoul","Rest Capital",1.67986469108232,0.0194073552587544
"1961-1965","Rest Capital","Rest Capital",1.77516620726545,0.0510276201942678
"1961-1965","Metros","Rest Capital",1.77769483321814,0.00226566219476288
"1961-1965","Provinces","Rest Capital",1.88182078545473,0.174926810385742
"1961-1965","Abroad","Rest Capital",1.20815428132297,0.000149153945544109
"1961-1965","Seoul","Metros",1.74727439400873,0.000208988594893283
"1961-1965","Rest Capital","Metros",1.84150999982448,8.59720376217247e-05
"1961-1965","Metros","Metros",1.769790089309,0.0496975431517127
"1961-1965","Provinces","Metros",1.91643018557218,0.103015959342898
"1961-1965","Abroad","Metros",1.32955953796675,1.27420924000126e-05
"1961-1965","Seoul","Provinces",1.72963853742644,0.000904882398705824
"1961-1965","Rest Capital","Provinces",1.83982327480975,0.000801525537162665
"1961-1965","Metros","Provinces",1.84792702682738,0.00480235556174077
"1961-1965","Provinces","Provinces",1.95714022265668,0.499798384204232
"1961-1965","Abroad","Provinces",1.57245783886993,0.00012019910939748
"1966-1970","Seoul","Seoul",1.33760055722427,0.056599818322982
"1966-1970","Rest Capital","Seoul",1.49993542057151,0.00125231239990512
"1966-1970","Metros","Seoul",1.437935053565,0.0019635133012393
"1966-1970","Provinces","Seoul",1.6067569523279,0.0344429286077153
"1966-1970","Abroad","Seoul",1.14461050558731,0.000136844014844116
"1966-1970","Seoul","Rest Capital",1.48239934190815,0.0490741220399416
"1966-1970","Rest Capital","Rest Capital",1.60837453240401,0.0612187206026401
"1966-1970","Metros","Rest Capital",1.55529721219284,0.0046669086374124
"1966-1970","Provinces","Rest Capital",1.74169742165569,0.143703438087037
"1966-1970","Abroad","Rest Capital",1.11937748340144,0.000413707483280155
"1966-1970","Seoul","Metros",1.55812463648801,0.000603359723989391
"1966-1970","Rest Capital","Metros",1.73846321339287,0.000129325706764138
"1966-1970","Metros","Metros",1.56208254217329,0.0854469033390006
"1966-1970","Provinces","Metros",1.76558309720833,0.0681668996183467
"1966-1970","Abroad","Metros",1.33790896735606,2.51159585461765e-05
"1966-1970","Seoul","Provinces",1.60879746411897,0.00185967233103716
"1966-1970","Rest Capital","Provinces",1.70952369689753,0.0010806042823183
"1966-1970","Metros","Provinces",1.64710704805114,0.00797948576110584
"1966-1970","Provinces","Provinces",1.76436799144636,0.481010328177752
"1966-1970","Abroad","Provinces",1.45169489715012,0.000225991604143226
"1971-1975","Seoul","Seoul",1.24152905379457,0.0584891067564449
"1971-1975","Rest Capital","Seoul",1.18738961497704,0.00167604970043488
"1971-1975","Metros","Seoul",1.4199906875679,0.00211454778314238
"1971-1975","Provinces","Seoul",1.4357365376057,0.0262445359357274
"1971-1975","Abroad","Seoul",0.953777777777778,6.87757482123301e-05
"1971-1975","Seoul","Rest Capital",1.44283758643687,0.0449161460819801
"1971-1975","Rest Capital","Rest Capital",1.52312470272236,0.0701496865629334
"1971-1975","Metros","Rest Capital",1.42272467086434,0.00600334577364083
"1971-1975","Provinces","Rest Capital",1.66166308803435,0.142089119193031
"1971-1975","Abroad","Rest Capital",1.07442803359398,0.00067772828880504
"1971-1975","Seoul","Metros",1.30516431924883,0.000463292745431438
"1971-1975","Rest Capital","Metros",1.68981481481481,8.75696263554048e-05
"1971-1975","Metros","Metros",1.54465958775765,0.100986943087494
"1971-1975","Provinces","Metros",1.61456385790729,0.0535012320897777
"1971-1975","Abroad","Metros",1.20491803278689,3.53290159238075e-05
"1971-1975","Seoul","Provinces",1.4712579320642,0.00189637663070798
"1971-1975","Rest Capital","Provinces",1.72885946433945,0.000705672961236576
"1971-1975","Metros","Provinces",1.59106081576162,0.00908994987214837
"1971-1975","Provinces","Provinces",1.70766039413246,0.480475819938276
"1971-1975","Abroad","Provinces",1.64325699745547,0.000328772208296416
