"org_admin","sex","agegr","none","native","retention","year","age_lower","rx_raw","rx_adj","px","qx","lx","dx","Lx","Tx","ex","non_monotonic"
"Busan","Female","15-19",38196,124278,0.76491007792016,2000,15,0.76491007792016,0.746519543124879,0.971965753227336,0.0280342467726644,0.878078074107003,0.0246162574151816,4.32884972699706,17.4437089092763,19.8657834919935,TRUE
"Busan","Female","35+",177442,206917,0.538343059483452,2000,35,0.538343059483452,0.538343059483452,0.999999,1.00000000002876e-06,0.597393880643186,5.97393880660364e-07,2.98696790973123,2.98696790973123,4.9999975,TRUE
"Busan","Male","15-19",39396,126663,0.762759019384676,2000,15,0.762759019384676,0.748160329259838,0.970025685065171,0.0299743149348295,0.876392646583139,0.0262692691952517,4.31629005992756,18.1015690775967,20.6546336829396,TRUE
"Busan","Male","35+",148979,205587,0.579827168989694,2000,35,0.579827168989694,0.579827168989694,0.999999,1.00000000002876e-06,0.622172796604611,6.22172796622502e-07,3.11086242759106,3.11086242759106,4.9999975,TRUE
"Busan","Total","15-19",77592,250941,0.763822812320224,2000,15,0.763822812320224,0.747414497437294,0.97088393422977,0.0291160657702303,0.87719312167519,0.0255404126238884,4.32211457681623,17.7656045154439,20.2527859332921,TRUE
"Busan","Total","35+",326421,412504,0.558248807389113,2000,35,0.558248807389113,0.558248807389113,0.999999,1.00000000002876e-06,0.60962555150316,6.0962555152069e-07,3.04812623345192,3.04812623345192,4.9999975,TRUE
"Chungbuk","Female","35+",399897,218745,0.353588990078268,2000,35,0.353588990078268,0.353588990078268,0.999999,1.00000000002876e-06,0.346165744451675,3.4616574446163e-07,1.73082785684402,1.73082785684402,4.9999975,TRUE
"Chungbuk","Male","10-14",8983,37988,0.808754337782887,2000,10,0.808754337782887,0.80558896125896,0.899948880649285,0.100051119350715,0.924395551786787,0.0924868096790899,4.39076073473621,17.8528998154455,19.31305249245,TRUE
"Chungbuk","Male","35+",351037,229419,0.395239260167868,2000,35,0.395239260167868,0.395239260167868,0.999999,1.00000000002876e-06,0.434094258870665,4.34094258883147e-07,2.17047020911768,2.17047020911768,4.9999975,TRUE
"Chungbuk","Total","35+",750934,448164,0.373750936120317,2000,35,0.373750936120317,0.373750936120317,0.999999,1.00000000002876e-06,0.390673785250472,3.90673785261706e-07,1.9533679495679,1.9533679495679,4.9999975,TRUE
"Chungnam","Female","35+",712639,337081,0.321115154517395,2000,35,0.321115154517395,0.321115154517395,0.999999,1.00000000002876e-06,0.259999519354166,2.59999519361642e-07,1.29999694677203,1.29999694677203,4.9999975,TRUE
"Chungnam","Male","35+",642630,335167,0.342777693120351,2000,35,0.342777693120351,0.342777693120351,0.999999,1.00000000002876e-06,0.337540206427629,3.37540206437335e-07,1.68770018828763,1.68770018828763,4.9999975,TRUE
"Chungnam","Total","35+",1355269,672248,0.331562201451332,2000,35,0.331562201451332,0.331562201451332,0.999999,1.00000000002876e-06,0.299628332021298,2.99628332029914e-07,1.49814091103566,1.49814091103566,4.9999975,TRUE
"Daegu","Female","15-19",16628,71488,0.811294203095919,2000,15,0.811294203095919,0.802750217373197,0.964334114273049,0.0356658857269512,0.922029299369225,0.0328849916282036,4.52793401777561,17.647944510588,19.1403294045658,TRUE
"Daegu","Female","35+",131589,144549,0.523466527605762,2000,35,0.523466527605762,0.523466527605762,0.999999,1.00000000002876e-06,0.587634873469408,5.87634873486306e-07,2.93817289825986,2.93817289825986,4.9999975,TRUE
"Daegu","Male","10-14",15365,77148,0.833915233534747,2000,10,0.833915233534747,0.824522957758874,0.986679993992925,0.0133200060070751,0.936645886207956,0.0124761288307921,4.6520391089628,23.1586599394667,24.725096517773,TRUE
"Daegu","Male","35+",102640,147233,0.589231329515394,2000,35,0.589231329515394,0.589231329515394,0.999999,1.00000000002876e-06,0.652961993786911,6.52961993805687e-07,3.26480833652957,3.26480833652957,4.9999975,TRUE
"Daegu","Total","10-14",30831,136912,0.816200974109203,2000,10,0.816200974109203,0.812807338278826,0.999555114925524,0.000444885074475709,0.928152383807836,0.000412921142395156,4.63972961618319,22.7340157085469,24.4938397025695,TRUE
"Daegu","Total","35+",234229,291782,0.55470703084156,2000,35,0.55470703084156,0.55470703084156,0.999999,1.00000000002876e-06,0.620468926529155,6.20468926546996e-07,3.10234308147346,3.10234308147346,4.9999975,TRUE
"Daejeon","Female","15-19",7004,30828,0.814865722139987,2000,15,0.814865722139987,0.784970467276384,0.925177932323634,0.0748220676763657,0.931897125713999,0.0697264698075835,4.48516945405103,17.002118567836,18.2446303338573,TRUE
"Daejeon","Male","10-14",8119,32773,0.801452606866869,2000,10,0.801452606866869,0.794576863784062,0.994879934992521,0.00512006500747908,0.921406815745273,0.00471766279495009,4.59523992173899,22.9645883979876,24.9233975759262,TRUE
"Daejeon","Male","35+",53857,68975,0.561539338283184,2000,35,0.561539338283184,0.561539338283184,0.999999,1.00000000002876e-06,0.644655043625168,6.44655043643705e-07,3.22327360648823,3.22327360648823,4.9999975,TRUE
"Daejeon","Total","10-14",16502,59859,0.783894920181768,2000,10,0.783894920181768,0.789621899948713,0.999999,1.00000000002876e-06,0.925965905205097,9.25965905231723e-07,4.62982721111072,22.3173050620756,24.1016488151715,TRUE
"Daejeon","Total","15-19",15197,61744,0.802485020990109,2000,15,0.802485020990109,0.789621899948713,0.92475774991368,0.0752422500863201,0.925964979239191,0.0696716885390895,4.45564567484823,17.6874778509649,19.1016704168419,TRUE
"Gangwon","Female","35+",367567,243336,0.398321828506326,2000,35,0.398321828506326,0.398321828506326,0.999999,1.00000000002876e-06,0.303513981902186,3.03513981910913e-07,1.51756915072597,1.51756915072597,4.9999975,TRUE
"Gangwon","Male","35+",310737,238137,0.433864602805015,2000,35,0.433864602805015,0.433864602805015,0.999999,1.00000000002876e-06,0.383359718929931,3.83359718940955e-07,1.91679763625036,1.91679763625036,4.9999975,TRUE
"Gangwon","Total","35+",678304,481473,0.415142738647171,2000,35,0.415142738647171,0.415142738647171,0.999999,1.00000000002876e-06,0.344127365248292,3.44127365258188e-07,1.72063596592305,1.72063596592305,4.9999975,TRUE
"Gwangju","Female","10-14",9079,30586,0.771108029749149,2000,10,0.771108029749149,0.773522638407656,0.999999,1.00000000002876e-06,0.914592581571212,9.14592581597511e-07,4.5729606213746,20.1167440361822,21.9953063708683,TRUE
"Gwangju","Female","15-19",9657,33943,0.778509174311927,2000,15,0.778509174311927,0.773522638407656,0.876862823534229,0.123137176465771,0.91459166697863,0.112620235490871,4.29140774616597,15.5437834148076,16.9953258661942,TRUE
"Gwangju","Female","35+",86229,65358,0.431158344712937,2000,35,0.431158344712937,0.431158344712937,0.999999,1.00000000002876e-06,0.492521748778973,4.92521748793135e-07,2.46260751259049,2.46260751259049,4.9999975,TRUE
"Gwangju","Total","15-19",20837,69415,0.769124229933963,2000,15,0.769124229933963,0.76785470537413,0.900124459290421,0.0998755407095786,0.903189220685761,0.0902065117790533,4.29042982398117,16.3207306484287,18.0701123027542,TRUE
"Gwangju","Total","35+",157699,131987,0.455620913678949,2000,35,0.455620913678949,0.455620913678949,0.999999,1.00000000002876e-06,0.535847836287434,5.35847836302843e-07,2.67923784181758,2.67923784181758,4.9999975,TRUE
"Gyeongbuk","Female","35+",928024,545876,0.370361625619106,2000,35,0.370361625619106,0.370361625619106,0.999999,1.00000000002876e-06,0.322456769803607,3.22456769812879e-07,1.61228304287611,1.61228304287611,4.9999975,TRUE
"Gyeongbuk","Male","35+",867603,507733,0.369170151875614,2000,35,0.369170151875614,0.369170151875614,0.999999,1.00000000002876e-06,0.375475643699678,3.75475643710475e-07,1.87737727980928,1.87737727980928,4.9999975,TRUE
"Gyeongbuk","Total","35+",1795627,1053609,0.369786497152219,2000,35,0.369786497152219,0.369786497152219,0.999999,1.00000000002876e-06,0.349673149141441,3.49673149151497e-07,1.74836487152433,1.74836487152433,4.9999975,TRUE
"Gyeongnam","Female","35+",678891,546695,0.446068248168631,2000,35,0.446068248168631,0.446068248168631,0.999999,1.00000000002876e-06,0.473933823005138,4.73933823018766e-07,2.36966793019113,2.36966793019113,4.9999975,TRUE
"Incheon","Female","10-14",16426,54960,0.769898859720393,2000,10,0.769898859720393,0.761739734671067,0.963445299608607,0.0365547003913929,0.87416481268624,0.0319548328204436,4.29093698138009,22.5812626913783,25.8318138223704,TRUE
"Incheon","Male","15-19",15474,52726,0.773108504398827,2000,15,0.773108504398827,0.765729341558039,0.930500744145898,0.069499255854102,0.897170863523555,0.0623527073888692,4.3299725491456,20.3775496031985,22.713120133179,TRUE
"Incheon","Male","25-29",15234,37836,0.712945166760882,2000,25,0.712945166760882,0.712511722134104,0.966036392604453,0.0339636073955473,0.83481732131653,0.0283534077481971,4.10320308721216,11.8734883604248,14.2228581717735,TRUE
"Incheon","Total","10-14",34477,111608,0.763993565390013,2000,10,0.763993565390013,0.762826109618083,0.987557494755638,0.0124425052443616,0.884778906311384,0.0110088661818799,4.39637236610222,23.7329931797219,26.8236426189951,TRUE
"Jeju","Female","10-14",1171,14288,0.924251245229316,2000,10,0.924251245229316,0.908483890331194,0.974323901162403,0.025676098837597,0.983817036391279,0.0252605834644943,4.85593372329516,23.4666350615961,23.8526414908138,TRUE
"Jeju","Female","35+",36314,93773,0.720848355331432,2000,35,0.720848355331432,0.720848355331432,0.999999,1.00000000002876e-06,0.686986838564234,6.86986838583989e-07,3.43493247535407,3.43493247535407,4.9999975,TRUE
"Jeju","Male","35+",26954,77344,0.741567431782009,2000,35,0.741567431782009,0.741567431782009,0.999999,1.00000000002876e-06,0.786207602016043,7.86207602038651e-07,3.93103604456121,3.93103604456121,4.9999975,TRUE
"Jeju","Total","10-14",3238,28699,0.898612894135329,2000,10,0.898612894135329,0.893195642944944,0.983864081014015,0.0161359189859852,0.961754987238645,0.01551880055845,4.7699779347971,24.3376624653028,25.3054705078059,TRUE
"Jeju","Total","35+",63268,171117,0.730068050429848,2000,35,0.730068050429848,0.730068050429848,0.999999,1.00000000002876e-06,0.736699951008061,7.36699951029245e-07,3.68349791329043,3.68349791329043,4.9999975,TRUE
"Jeonbuk","Female","35+",563471,389312,0.408605107353931,2000,35,0.408605107353931,0.408605107353931,0.999999,1.00000000002876e-06,0.335423454856627,3.35423454866273e-07,1.6771164357245,1.6771164357245,4.9999975,TRUE
"Jeonbuk","Male","35+",517324,360826,0.410893355349314,2000,35,0.410893355349314,0.410893355349314,0.999999,1.00000000002876e-06,0.396474711780962,3.96474711792362e-07,1.98237256771803,1.98237256771803,4.9999975,TRUE
"Jeonbuk","Total","35+",1080795,750138,0.409702594251128,2000,35,0.409702594251128,0.409702594251128,0.999999,1.00000000002876e-06,0.365966208875308,3.65966208885831e-07,1.82983012946102,1.82983012946102,4.9999975,TRUE
"Jeonnam","Female","35+",941549,478184,0.336812626036022,2000,35,0.336812626036022,0.336812626036022,0.999999,1.00000000002876e-06,0.229593685114845,2.29593685121447e-07,1.14796785159001,1.14796785159001,4.9999975,TRUE
"Jeonnam","Male","35+",847682,414423,0.328358575554332,2000,35,0.328358575554332,0.328358575554332,0.999999,1.00000000002876e-06,0.288109247841718,2.88109247850003e-07,1.44054551893547,1.44054551893547,4.9999975,TRUE
"Jeonnam","Total","35+",1789231,892607,0.332834048887368,2000,35,0.332834048887368,0.332834048887368,0.999999,1.00000000002876e-06,0.25861047640299,2.58610476410427e-07,1.29305173548876,1.29305173548876,4.9999975,TRUE
"Seoul","Female","15-19",137598,276563,0.667766882927171,2000,15,0.667766882927171,0.64945387758727,0.999999,1.00000000002876e-06,0.81728931401304,8.17289314036542e-07,4.08644452684191,18.1110649225013,22.1599189075074,TRUE
"Seoul","Female","20-24",127631,276240,0.683980776039874,2000,20,0.683980776039874,0.64945387758727,0.950180857397288,0.0498191426027125,0.817288496723726,0.0407166121658358,3.98465095320404,14.0246203956594,17.159938567446,TRUE
"Seoul","Female","35+",388521,422065,0.520691203647731,2000,35,0.520691203647731,0.520691203647731,0.999999,1.00000000002876e-06,0.647883048907985,6.47883048926615e-07,3.2394136248323,3.2394136248323,4.9999975,TRUE
"Seoul","Male","15-19",145944,292151,0.666866775471074,2000,15,0.666866775471074,0.656496649857769,0.999999,1.00000000002876e-06,0.824597169127069,8.24597169150781e-07,4.12298378414242,19.1156182611521,23.1817655660741,TRUE
"Seoul","Male","20-24",97400,211600,0.684789644012945,2000,20,0.684789644012945,0.656496649857769,0.999999,1.00000000002876e-06,0.8245963445299,8.24596344553612e-07,4.12297966115864,14.9926344770096,18.1817862478603,TRUE
"Seoul","Total","15-19",283542,568714,0.667304190290241,2000,15,0.667304190290241,0.652400465960596,0.999999,1.00000000002876e-06,0.82019203857464,8.20192038598225e-07,4.1009581423931,18.6512188553365,22.7400632756071,TRUE
"Seoul","Total","20-24",225031,487840,0.684331386744586,2000,20,0.684331386744586,0.652400465960596,0.98083468749019,0.0191653125098098,0.820191218382601,0.0157192210181042,4.06165803936774,14.5502607129434,17.7400835156907,TRUE
"Total","Female","35+",6264934,4393005,0.412181473359906,2000,35,0.412181473359906,0.412181473359906,0.999999,1.00000000002876e-06,0.447590336596029,4.475903366089e-07,2.2379505640043,2.2379505640043,4.9999975,TRUE
"Total","Total","35+",11822636,8656413,0.422696044137596,2000,35,0.422696044137596,0.422696044137596,0.999999,1.00000000002876e-06,0.482069080514197,4.82069080528059e-07,2.41034419739828,2.41034419739828,4.9999975,TRUE
"Ulsan","Male","25-29",5848,14916,0.718358697746099,2000,25,0.718358697746099,0.687994341750542,0.962146511554937,0.0378534884450628,0.768711918508141,0.0290984277248299,3.77081352322863,10.9334926203239,14.2231339947777,TRUE
"Ulsan","Total","25-29",13763,27268,0.66457069045356,2000,25,0.66457069045356,0.656839609526284,0.950717440673771,0.0492825593262293,0.739547806959964,0.0364468086710872,3.6066220131221,10.3697477819149,14.0217409670127,TRUE
"Busan","Female","35+",305450,352431,0.53570630554766,2010,35,0.53570630554766,0.53570630554766,0.999999,1.00000000002876e-06,0.608766776330204,6.0876677634771e-07,3.04383235973408,3.04383235973408,4.9999975,TRUE
"Busan","Male","35+",263892,341002,0.563738440123393,2010,35,0.563738440123393,0.563738440123393,0.999999,1.00000000002876e-06,0.615464970845921,6.15464970863619e-07,3.07732331556718,3.07732331556718,4.9999975,TRUE
"Busan","Total","35+",569342,693433,0.549134247985587,2010,35,0.549134247985587,0.549134247985587,0.999999,1.00000000002876e-06,0.612254070512449,6.12254070530055e-07,3.06126882192707,3.06126882192707,4.9999975,TRUE
"Daegu","Male","15-19",18068,77144,0.810234004117128,2010,15,0.810234004117128,0.806332110993583,0.916765626571635,0.0832343734283651,0.92549706657397,0.0770331684460744,4.43490241175467,18.4656068986216,19.9520966251985,TRUE
"Daegu","Male","35+",163969,237893,0.591976847773614,2010,35,0.591976847773614,0.591976847773614,0.999999,1.00000000002876e-06,0.664841984247181,6.64841984266299e-07,3.32420825913094,3.32420825913094,4.9999975,TRUE
"Daegu","Total","35+",358493,480364,0.572641105695011,2010,35,0.572641105695011,0.572641105695011,0.999999,1.00000000002876e-06,0.653034108679482,6.53034108698261e-07,3.26516891081214,3.26516891081214,4.9999975,TRUE
"Daejeon","Female","15-19",9771,32744,0.770175232270963,2010,15,0.770175232270963,0.758608961109625,0.947007814429923,0.0529921855700768,0.893809488039859,0.0473649182545035,4.35063514456303,17.5898935742375,19.6796899223038,TRUE
"Daejeon","Male","35+",80820,107773,0.571458113503683,2010,35,0.571458113503683,0.571458113503683,0.999999,1.00000000002876e-06,0.643324744394745,6.43324744413245e-07,3.21662211366187,3.21662211366187,4.9999975,TRUE
"Daejeon","Total","15-19",19759,71348,0.783123140922212,2010,15,0.783123140922212,0.778295682316049,0.931540619033222,0.0684593809667782,0.92047581872615,0.0630152047448806,4.44484108176855,18.1101536435599,19.6747739322719,TRUE
"Daejeon","Total","35+",177645,209168,0.540747079338078,2010,35,0.540747079338078,0.540747079338078,0.999999,1.00000000002876e-06,0.638474679946456,6.38474679964816e-07,3.19237180354558,3.19237180354558,4.9999975,TRUE
"Gangwon","Female","35+",504636,288687,0.363895916291347,2010,35,0.363895916291347,0.363895916291347,0.999999,1.00000000002876e-06,0.348037869869554,3.48037869879562e-07,1.74018847925309,1.74018847925309,4.9999975,TRUE
"Gangwon","Male","35+",425527,292942,0.407730883308814,2010,35,0.407730883308814,0.407730883308814,0.999999,1.00000000002876e-06,0.411275663288394,4.11275663300221e-07,2.05637728825281,2.05637728825281,4.9999975,TRUE
"Gangwon","Total","35+",930163,581629,0.384728190121392,2010,35,0.384728190121392,0.384728190121392,0.999999,1.00000000002876e-06,0.378875211544039,3.78875211554934e-07,1.89437511053217,1.89437511053217,4.9999975,TRUE
"Gwangju","Male","15-19",10147,39903,0.797262737262737,2010,15,0.797262737262737,0.795415918584204,0.897912524523104,0.102087475476896,0.887094122571939,0.0905611994837618,4.20906761415029,17.5138004187335,19.7428885764185,TRUE
"Gwangju","Total","15-19",20941,79860,0.792254045098759,2010,15,0.792254045098759,0.792153893102259,0.895186136742397,0.104813863257603,0.883268126430965,0.0925787446235342,4.18489377059599,17.0285871755696,19.2790690233296,TRUE
"Gyeongbuk","Female","35+",1071570,598047,0.358194124760349,2010,35,0.358194124760349,0.358194124760349,0.999999,1.00000000002876e-06,0.396943245738745,3.9694324575016e-07,1.98471523633561,1.98471523633561,4.9999975,TRUE
"Gyeonggi","Male","25-29",56178,150638,0.728367244313786,2010,25,0.728367244313786,0.720549839332195,0.989814161890406,0.0101858381095939,0.792660495537987,0.00807391148342045,3.94311769898138,11.6029958129027,14.6380397133676,TRUE
"Gyeonggi","Total","25-29",121985,297043,0.708885802380748,2010,25,0.708885802380748,0.707585003617068,0.98266082602376,0.0173391739762404,0.779497015902559,0.0135158343726947,3.86369549358106,11.2242949518426,14.3994072111312,TRUE
"Incheon","Female","35+",134213,179508,0.572189939468509,2010,35,0.572189939468509,0.572189939468509,0.999999,1.00000000002876e-06,0.6580402403331,6.58040240352023e-07,3.2901995565649,3.2901995565649,4.9999975,TRUE
"Incheon","Male","25-29",23069,46973,0.670640472859142,2010,25,0.670640472859142,0.663144081199267,0.949490228564821,0.0505097714351788,0.782522436514534,0.0395250294112483,3.81379960904455,11.1730713500476,14.2782760323322,TRUE
"Jeju","Female","35+",55324,116817,0.678612300381664,2010,35,0.678612300381664,0.678612300381664,0.999999,1.00000000002876e-06,0.675862915785476,6.75862915804911e-07,3.37931288927009,3.37931288927009,4.9999975,TRUE
"Jeju","Male","5-9",1107,15207,0.932144170650975,2010,5,0.932144170650975,0.91985738821911,0.923454857370273,0.0765451426297266,0.999999,0.0765450660845839,4.80863233478854,28.5824272003897,28.5824557828454,TRUE
"Jeju","Male","15-19",2779,16128,0.853017400962606,2010,15,0.853017400962606,0.849446773238871,0.865591917901854,0.134408082098146,0.923453010461482,0.124119548043887,4.30696618219769,19.1565275046589,20.7444529257484,TRUE
"Jeju","Male","35+",43060,107593,0.714177613456088,2010,35,0.714177613456088,0.714177613456088,0.999999,1.00000000002876e-06,0.727565353068853,7.27565353089775e-07,3.63782494643088,3.63782494643088,4.9999975,TRUE
"Jeju","Total","5-9",2314,28655,0.925280118828506,2010,5,0.925280118828506,0.92321244758061,0.933002644850904,0.0669973551490957,0.999999,0.0669972881517405,4.83250177962065,27.9382320495086,27.9382599877686,TRUE
"Jeju","Total","35+",98384,224410,0.695211187320706,2010,35,0.695211187320706,0.695211187320706,0.999999,1.00000000002876e-06,0.705396775478492,7.05396775498776e-07,3.52698211390052,3.52698211390052,4.9999975,TRUE
"Jeonbuk","Female","35+",712731,438601,0.380950933353716,2010,35,0.380950933353716,0.380950933353716,0.999999,1.00000000002876e-06,0.401448421246877,4.01448421258421e-07,2.00724110261333,2.00724110261333,4.9999975,TRUE
"Jeonbuk","Male","35+",632210,405824,0.390954438871944,2010,35,0.390954438871944,0.390954438871944,0.999999,1.00000000002876e-06,0.435572748525251,4.35572748537776e-07,2.17786265369438,2.17786265369438,4.9999975,TRUE
"Jeonbuk","Total","35+",1344941,844425,0.385693849269606,2010,35,0.385693849269606,0.385693849269606,0.999999,1.00000000002876e-06,0.418686835245635,4.18686835257675e-07,2.09343312951109,2.09343312951109,4.9999975,TRUE
"Jeonnam","Female","35+",1165616,486168,0.29432904060095,2010,35,0.29432904060095,0.29432904060095,0.999999,1.00000000002876e-06,0.279887192205864,2.79887192213912e-07,1.39943526131134,1.39943526131134,4.9999975,TRUE
"Jeonnam","Male","35+",1030746,442283,0.300254102261395,2010,35,0.300254102261395,0.300254102261395,0.999999,1.00000000002876e-06,0.31115317360835,3.11153173617297e-07,1.55576509015881,1.55576509015881,4.9999975,TRUE
"Jeonnam","Total","35+",2196362,928451,0.297122099786451,2010,35,0.297122099786451,0.297122099786451,0.999999,1.00000000002876e-06,0.295617297323951,2.95617297332451e-07,1.47808574757651,1.47808574757651,4.9999975,TRUE
"Seoul","Female","25-29",153811,252294,0.621253124192019,2010,25,0.621253124192019,0.617347333763362,0.89854819897908,0.10145180102092,0.741190924053816,0.0751951541456193,3.51796673490503,9.78719084648114,13.2046825303146,TRUE
"Seoul","Male","25-29",161524,248509,0.606070730892392,2010,25,0.606070730892392,0.60461267897921,0.957064290647462,0.042935709352538,0.732566033338341,0.0314532422889567,3.58419706096932,10.0896171913765,13.7729798164373,TRUE
"Seoul","Total","25-29",315335,500803,0.613625391784233,2010,25,0.613625391784233,0.611219738101725,0.927338467373407,0.0726615326265934,0.737333940612956,0.053575814182543,3.55273016760842,9.94011738555255,13.4811607577554,TRUE
"Ulsan","Female","25-29",15960,18843,0.541418843203172,2010,25,0.541418843203172,0.539676513001049,0.999999,1.00000000002876e-06,0.603876513334534,6.03876513351899e-07,3.01938105698139,9.05813411280401,14.9999775000125,TRUE
"Ulsan","Female","35+",54226,83304,0.605715116701811,2010,35,0.605715116701811,0.605715116701811,0.999999,1.00000000002876e-06,0.603875305582111,6.03875305599476e-07,3.01937501822229,3.01937501822229,4.9999975,TRUE
"Ulsan","Male","25-29",16354,20796,0.55978465679677,2010,25,0.55978465679677,0.562571465750224,0.999999,1.00000000002876e-06,0.626741694319384,6.26741694337406e-07,3.13370690474268,9.40111131311047,14.9999775000125,TRUE
"Ulsan","Male","30-34",13386,17765,0.570286668164746,2010,30,0.570286668164746,0.562571465750224,0.999999,1.00000000002876e-06,0.626741067577689,6.26741067595712e-07,3.13370377103578,6.26740440836778,9.9999900000025,TRUE
"Ulsan","Male","35+",41629,83437,0.667143748101003,2010,35,0.667143748101003,0.667143748101003,0.999999,1.00000000002876e-06,0.626740440836622,6.26740440854644e-07,3.13370063733201,3.13370063733201,4.9999975,TRUE
"Ulsan","Total","25-29",32314,39639,0.550901282781816,2010,25,0.550901282781816,0.550836476527418,0.999999,1.00000000002876e-06,0.614890776478409,6.14890776496091e-07,3.07445234516511,9.22334781214136,14.9999775000125,TRUE
"Ulsan","Total","30-34",29014,36108,0.554467000399251,2010,30,0.554467000399251,0.550836476527418,0.999999,1.00000000002876e-06,0.614890161587633,6.14890161605314e-07,3.07444927071276,6.14889546697625,9.9999900000025,TRUE
"Ulsan","Total","35+",95855,166741,0.634971591341833,2010,35,0.634971591341833,0.634971591341833,0.999999,1.00000000002876e-06,0.614889546697471,6.14889546715153e-07,3.07444619626349,3.07444619626349,4.9999975,TRUE
"Busan","Male","35+",371631,408146,0.523413745211772,2015,35,0.523413745211772,0.523413745211772,0.999999,1.00000000002876e-06,0.566292205072903,5.66292205089187e-07,2.831459609634,2.831459609634,4.9999975,TRUE
"Busan","Total","35+",779768,825906,0.514367175404223,2015,35,0.514367175404223,0.514367175404223,0.999999,1.00000000002876e-06,0.567518456663168,5.67518456679487e-07,2.8375908645197,2.8375908645197,4.9999975,TRUE
"Daegu","Female","10-14",9521,51339,0.843558987840946,2015,10,0.843558987840946,0.834953318129452,0.970318372965924,0.0296816270340762,0.941050901045022,0.0279319218648997,4.63542470056286,21.9882262754249,23.3656078018812,TRUE
"Daejeon","Male","15-19",8549,37592,0.814720097093691,2015,15,0.814720097093691,0.792198318812124,0.834700820689027,0.165299179310973,0.901748061769894,0.149058214555824,4.13609477245991,17.2978489343194,19.1825740111582,TRUE
"Daejeon","Total","15-19",19235,70549,0.785763610442841,2015,15,0.785763610442841,0.780070400005383,0.842137248852955,0.157862751147045,0.882297916041235,0.139281976357574,4.06328463931224,16.9499723314881,19.2111666856708,TRUE
"Gangwon","Female","35+",545009,303521,0.357702143707353,2015,35,0.357702143707353,0.357702143707353,0.999999,1.00000000002876e-06,0.382599825147802,3.82599825158804e-07,1.91299816923945,1.91299816923945,4.9999975,TRUE
"Gangwon","Male","35+",472797,312266,0.397759160729776,2015,35,0.397759160729776,0.397759160729776,0.999999,1.00000000002876e-06,0.390024851285609,3.90024851296825e-07,1.95012328136592,1.95012328136592,4.9999975,TRUE
"Gangwon","Total","35+",1017806,615787,0.376952521221626,2015,35,0.376952521221626,0.376952521221626,0.999999,1.00000000002876e-06,0.386269396860819,3.86269396871926e-07,1.9313460186306,1.9313460186306,4.9999975,TRUE
"Gwangju","Male","10-14",7000,37307,0.842011420317331,2015,10,0.842011420317331,0.831846655535167,0.976221695240246,0.0237783047597542,0.919268566957686,0.0218586481411823,4.54169621443547,21.1593264365221,23.0175676587625,TRUE
"Gyeonggi","Male","30-34",63190,149158,0.702422438638461,2015,30,0.702422438638461,0.699469191574825,0.999245265649114,0.000754734350886022,0.766258174956568,0.000578321366286953,3.82984507136712,7.65824242511889,9.99433699425519,TRUE
"Gyeongnam","Male","30-34",48974,67288,0.578761762226695,2015,30,0.578761762226695,0.577416482285738,0.838417401542693,0.161582598457307,0.617159348119906,0.099722211131432,2.83649121277095,5.42367560412047,8.78812841552669,TRUE
"Incheon","Female","35+",149927,217381,0.591822122033824,2015,35,0.591822122033824,0.591822122033824,0.999999,1.00000000002876e-06,0.662856578876413,6.62856578895474e-07,3.31428123724062,3.31428123724062,4.9999975,TRUE
"Incheon","Male","35+",130197,227316,0.635825830109674,2015,35,0.635825830109674,0.635825830109674,0.999999,1.00000000002876e-06,0.680390232116083,6.80390232135648e-07,3.40194945960483,3.40194945960483,4.9999975,TRUE
"Incheon","Total","35+",280124,444697,0.613526650028076,2015,35,0.613526650028076,0.613526650028076,0.999999,1.00000000002876e-06,0.671762081952511,6.71762081971828e-07,3.35880873035735,3.35880873035735,4.9999975,TRUE
"Jeju","Female","35+",61247,128079,0.676499794006106,2015,35,0.676499794006106,0.676499794006106,0.999999,1.00000000002876e-06,0.654737636764115,6.54737636782943e-07,3.27368654697648,3.27368654697648,4.9999975,TRUE
"Jeju","Male","10-14",1498,15139,0.909959728316403,2015,10,0.909959728316403,0.90381372160055,0.952893780815211,0.0471062191847893,0.971885273579443,0.0457818407197022,4.74497176609796,23.6628643097688,24.3473843601094,TRUE
"Jeju","Male","35+",49042,123123,0.7151453547469,2015,35,0.7151453547469,0.7151453547469,0.999999,1.00000000002876e-06,0.712020618203667,7.12020618224141e-07,3.56010131096679,3.56010131096679,4.9999975,TRUE
"Jeju","Total","10-14",3100,29167,0.903926612328385,2015,10,0.903926612328385,0.901727854941252,0.966729497562478,0.0332705024375225,0.958887633792854,0.0319026733574153,4.71468148557073,23.0603892811244,24.049104888244,TRUE
"Jeju","Total","35+",110289,251202,0.694905267351054,2015,35,0.694905267351054,0.694905267351054,0.999999,1.00000000002876e-06,0.683724507466852,6.83724507486513e-07,3.41862082802299,3.41862082802299,4.9999975,TRUE
"Sejong","Female","10-14",334,1509,0.818773738469886,2015,10,0.818773738469886,0.813912255548409,0.753276344073795,0.246723655926205,0.982735867303041,0.242464185990816,4.30751887153817,16.1972627329065,16.4818068331598,TRUE
"Sejong","Female","25-29",1180,1112,0.485165794066318,2015,25,0.485165794066318,0.455136776343504,0.79437994833876,0.20562005166124,0.549541777154879,0.112996808608596,2.46521686425291,5.91749858171455,10.7680595501783,TRUE
"Sejong","Male","15-19",488,1339,0.732895457033388,2015,15,0.732895457033388,0.719220324838439,0.697469563904072,0.302530436095928,0.762225613702236,0.230596447316823,3.23463695021912,11.6650550432201,15.303939979872,TRUE
"Sejong","Male","25-29",1402,1520,0.520191649555099,2015,25,0.520191649555099,0.501634286316011,0.704923940917556,0.295076059082444,0.531628634756246,0.156870882439253,2.2659659676831,5.77227359014684,10.8577176110791,TRUE
"Sejong","Total","10-14",920,2956,0.762641898864809,2015,10,0.762641898864809,0.761975959146532,0.87735534022493,0.12264465977507,0.862959861855829,0.105837418656849,4.05020576263702,15.8712432197142,18.3916354876373,TRUE
"Sejong","Total","25-29",2582,2632,0.504794783275796,2015,25,0.504794783275796,0.478481850126838,0.746701422502075,0.253298577497925,0.541894023582891,0.137260985328173,2.36631765459402,5.86402346273526,10.8213473622823,TRUE
"Ulsan","Female","35+",71635,94179,0.567979784577901,2015,35,0.567979784577901,0.567979784577901,0.999999,1.00000000002876e-06,0.533600138637176,5.3360013865252e-07,2.66799935918553,2.66799935918553,4.9999975,TRUE
"Ulsan","Male","35+",55929,97112,0.634548911729537,2015,35,0.634548911729537,0.634548911729537,0.999999,1.00000000002876e-06,0.588645754184628,5.88645754201555e-07,2.94322729930876,2.94322729930876,4.9999975,TRUE
"Ulsan","Total","35+",127564,191291,0.599931003120541,2015,35,0.599931003120541,0.599931003120541,0.999999,1.00000000002876e-06,0.561692962359025,5.61692962375177e-07,2.80846340756272,2.80846340756272,4.9999975,TRUE
"Busan","Male","35+",443444,461556,0.510006629834254,2020,35,0.510006629834254,0.510006629834254,0.999999,1.00000000002876e-06,0.556042780721551,5.5604278073754e-07,2.7802125135008,2.7802125135008,4.9999975,TRUE
"Busan","Total","35+",927418,934968,0.502026969704454,2020,35,0.502026969704454,0.502026969704454,0.999999,1.00000000002876e-06,0.553512898976781,5.53512898992697e-07,2.76756311110166,2.76756311110166,4.9999975,TRUE
"Daegu","Male","15-19",10179,53828,0.840970518849501,2020,15,0.840970518849501,0.836804024948188,0.842238476355389,0.157761523644611,0.919115467675859,0.145001056585873,4.23307469691461,16.8666236279738,18.3509300203857,TRUE
"Daegu","Male","35+",249747,318883,0.56079172748536,2020,35,0.56079172748536,0.56079172748536,0.999999,1.00000000002876e-06,0.586992551203773,5.86992551220653e-07,2.93496128853749,2.93496128853749,4.9999975,TRUE
"Daegu","Total","35+",520654,650284,0.555353058829759,2020,35,0.555353058829759,0.555353058829759,0.999999,1.00000000002876e-06,0.604771331325366,6.04771331342757e-07,3.0238551446985,3.0238551446985,4.9999975,TRUE
"Daejeon","Female","15-19",8149,26245,0.763069139966273,2020,15,0.763069139966273,0.75765830264247,0.84711843349229,0.15288156650771,0.874182148270088,0.133646336240606,4.03679490074892,16.209836509246,18.5428592214146,TRUE
"Daejeon","Female","35+",136198,138081,0.503432636111405,2020,35,0.503432636111405,0.503432636111405,0.999999,1.00000000002876e-06,0.571494291373385,5.71494291389819e-07,2.8574700281312,2.8574700281312,4.9999975,TRUE
"Daejeon","Male","10-14",8573,28308,0.767549686830617,2020,10,0.767549686830617,0.774319567235604,0.999999,1.00000000002876e-06,0.874121723588026,8.74121723613162e-07,4.37060643263582,20.2110954605187,23.1216029931824,TRUE
"Daejeon","Male","15-19",8402,31654,0.790243658877571,2020,15,0.790243658877571,0.774319567235604,0.827291111110765,0.172708888889235,0.874120849466303,0.150968440666239,3.99318314566592,15.8404890278829,18.121623614806,TRUE
"Daejeon","Male","35+",124882,141349,0.53092615059854,2020,35,0.53092615059854,0.53092615059854,0.999999,1.00000000002876e-06,0.569119679807765,5.6911967982413e-07,2.84559697623963,2.84559697623963,4.9999975,TRUE
"Daejeon","Total","15-19",16551,57899,0.777689724647414,2020,15,0.777689724647414,0.76787119624176,0.835079016958305,0.164920983041695,0.876184121734917,0.144501146682047,4.01966774196947,16.0294310152703,18.2945919900154,TRUE
"Daejeon","Total","35+",261080,279430,0.516974709071062,2020,35,0.516974709071062,0.516974709071062,0.999999,1.00000000002876e-06,0.570498732691817,5.70498732708222e-07,2.85249223721225,2.85249223721225,4.9999975,TRUE
"Gangwon","Male","35+",487796,325397,0.400147320500791,2020,35,0.400147320500791,0.400147320500791,0.999999,1.00000000002876e-06,0.409527380778585,4.09527380790362e-07,2.04763588007447,2.04763588007447,4.9999975,TRUE
"Gangwon","Total","35+",1061434,637867,0.375370225757532,2020,35,0.375370225757532,0.375370225757532,0.999999,1.00000000002876e-06,0.407484194096696,4.07484194108413e-07,2.03741995177299,2.03741995177299,4.9999975,TRUE
"Gwangju","Female","5-9",3698,31620,0.895294184268645,2020,5,0.895294184268645,0.892841959243297,0.933111804028871,0.0668881959711295,0.999999,0.0668881290829335,4.83277467729267,25.5936934775538,25.5937190712728,TRUE
"Gwangju","Female","35+",168568,159397,0.486018325126157,2020,35,0.486018325126157,0.486018325126157,0.999999,1.00000000002876e-06,0.543391780338628,5.43391780354253e-07,2.71695754321369,2.71695754321369,4.9999975,TRUE
"Gwangju","Male","35+",144932,157858,0.521344826447373,2020,35,0.521344826447373,0.521344826447373,0.999999,1.00000000002876e-06,0.56389774541392,5.63897745430135e-07,2.81948731732524,2.81948731732524,4.9999975,TRUE
"Gwangju","Total","35+",313500,317255,0.502976591545053,2020,35,0.502976591545053,0.502976591545053,0.999999,1.00000000002876e-06,0.55465841735306,5.5465841736901e-07,2.77329070011926,2.77329070011926,4.9999975,TRUE
"Gyeonggi","Male","35+",406395,1010883,0.713256679352957,2020,35,0.713256679352957,0.713256679352957,0.999999,1.00000000002876e-06,0.733897568582785,7.33897568603888e-07,3.66948600817,3.66948600817,4.9999975,TRUE
"Gyeonggi","Total","35+",913727,2011024,0.687588105790886,2020,35,0.687588105790886,0.687588105790886,0.999999,1.00000000002876e-06,0.726380899985919,7.26380900006807e-07,3.63190268397735,3.63190268397735,4.9999975,TRUE
"Incheon","Female","35+",178979,247283,0.580119738564545,2020,35,0.580119738564545,0.580119738564545,0.999999,1.00000000002876e-06,0.612731160172443,6.12731160190063e-07,3.06365426903431,3.06365426903431,4.9999975,TRUE
"Incheon","Male","35+",152882,257104,0.6271043401482,2020,35,0.6271043401482,0.6271043401482,0.999999,1.00000000002876e-06,0.602210803878976,6.02210803896293e-07,3.01105251386787,3.01105251386787,4.9999975,TRUE
"Incheon","Total","35+",331861,504387,0.603154805751404,2020,35,0.603154805751404,0.603154805751404,0.999999,1.00000000002876e-06,0.60733431848629,6.07334318503754e-07,3.03667007409565,3.03667007409565,4.9999975,TRUE
"Jeju","Female","35+",61259,135695,0.688967982371518,2020,35,0.688967982371518,0.688967982371518,0.999999,1.00000000002876e-06,0.691655755885556,6.91655755905445e-07,3.45827705028839,3.45827705028839,4.9999975,TRUE
"Jeju","Male","5-9",560,13855,0.961151578217135,2020,5,0.961151578217135,0.95261148821609,0.975383162244565,0.0246168377554354,0.999999,0.0246168131385977,4.93845296715351,26.8074359029896,26.8074627104523,TRUE
"Jeju","Male","35+",49211,133234,0.730269396256406,2020,35,0.730269396256406,0.730269396256406,0.999999,1.00000000002876e-06,0.618943266063699,6.18943266081497e-07,3.09471478296033,3.09471478296033,4.9999975,TRUE
"Jeju","Total","35+",110470,268929,0.70882896370312,2020,35,0.70882896370312,0.70882896370312,0.999999,1.00000000002876e-06,0.654251124699463,6.54251124718277e-07,3.2712539878695,3.2712539878695,4.9999975,TRUE
"Jeonbuk","Female","10-14",5345,35504,0.869152243628975,2020,10,0.869152243628975,0.86817980688768,0.888282439725942,0.111717560274058,0.936129508801663,0.104582104823874,4.41919228194863,18.1342763054671,19.3715464953997,TRUE
"Sejong","Female","5-9",324,2927,0.900338357428484,2020,5,0.900338357428484,0.898377606672859,0.87913304246766,0.12086695753234,0.999999,0.120866836665383,4.69782790833654,22.3472397713704,22.3472621186325,TRUE
"Sejong","Male","5-9",218,3006,0.932382133995037,2020,5,0.932382133995037,0.917755265572226,0.846608056024686,0.153391943975314,0.999999,0.15339179058337,4.61651552354158,23.2953583418755,23.2953816372571,TRUE
"Sejong","Male","15-19",439,1759,0.800272975432211,2020,15,0.800272975432211,0.776979001292521,0.813386127638085,0.186613872361915,0.846606362809421,0.157988491730102,3.83806058472185,14.4458088877688,17.0631943277996,TRUE
"Sejong","Total","5-9",542,5933,0.916293436293436,2020,5,0.916293436293436,0.90806958146051,0.849438558645457,0.150561441354543,0.999999,0.150561290793101,4.62359177301725,22.8732182893732,22.8732411626144,TRUE
"Seoul","Male","15-19",73717,162718,0.688214519846892,2020,15,0.688214519846892,0.683900794530873,0.908194911540589,0.0918050884594106,0.832613861857014,0.0764381892403146,3.97197383618428,16.794107954732,20.1703439302288,TRUE
"Ulsan","Female","35+",81761,110374,0.574460665677779,2020,35,0.574460665677779,0.574460665677779,0.999999,1.00000000002876e-06,0.561380932742133,5.61380932758276e-07,2.80690326025833,2.80690326025833,4.9999975,TRUE
"Ulsan","Male","35+",75142,113192,0.601017341531534,2020,35,0.601017341531534,0.601017341531534,0.999999,1.00000000002876e-06,0.535583400686032,5.35583400701433e-07,2.67791566447166,2.67791566447166,4.9999975,TRUE
"Ulsan","Total","35+",156903,223566,0.587606349006095,2020,35,0.587606349006095,0.587606349006095,0.999999,1.00000000002876e-06,0.546982123701789,5.46982123717518e-07,2.73490925105363,2.73490925105363,4.9999975,TRUE
